firstname|email_address|phone|address|city|zip|message|arrived|lastname
Amir|mi.Duis@elementumloremut.com|1-212-151-7902|512-8885 Molestie Street|Lomita|04948|eget mollis lectus pede et risus.|2012-02-13 02:04:04|Bonner
Bernard|libero.mauris@liberonecligula.com|1-955-907-7079|773-9280 Libero St.|Tok|93042|pede, ultrices a, auctor non, feugiat nec,|2012-06-01 22:37:08|Figueroa
Cynthia|libero.nec.ligula@elementum.org|1-963-970-6786|P.O. Box 795, 8270 Cras Avenue|Ventura|72914|luctus felis purus ac tellus. Suspendisse|2011-08-28 15:29:32|Pollard
Fallon|turpis@duiquis.ca|1-310-281-8505|Ap #442-7375 Donec Avenue|Kettering|56261|ac ipsum. Phasellus vitae mauris sit amet lorem semper auctor. Mauris|2012-08-22 04:54:50|Stein
Macon|commodo.ipsum@utpharetrased.org|1-308-599-3598|550-6264 Dolor Av.|Santa Cruz|15986|sapien, gravida non, sollicitudin a, malesuada id, erat. Etiam vestibulum massa|2012-03-18 06:51:07|Lambert
Tobias|odio.a@lobortismaurisSuspendisse.edu|1-259-649-9097|P.O. Box 663, 4537 Sit Av.|Tonawanda|53330|eleifend. Cras sed leo. Cras vehicula aliquet libero. Integer in magna. Phasellus dolor elit, pellentesque a, facilisis non,|2012-10-18 03:12:06|Madden
Lars|et.arcu.imperdiet@liberoInteger.edu|1-691-241-0408|2384 Tellus Avenue|Gu√°nica|69193|bibendum fermentum metus. Aenean sed pede nec ante blandit|2012-08-23 15:28:33|Ramsey
Ray|mus@nasceturridiculusmus.edu|1-920-245-3404|274-8706 Ornare Rd.|Oro Valley|45149|cursus a, enim. Suspendisse aliquet, sem ut cursus luctus, ipsum leo elementum sem,|2011-07-06 08:19:27|Ochoa
Cheyenne|iaculis.aliquet@diamPellentesquehabitant.com|1-935-270-4218|P.O. Box 743, 6434 Nascetur Ave|St. George|14863|nec tempus mauris erat eget ipsum. Suspendisse sagittis. Nullam vitae diam.|2012-07-26 10:06:01|Bernard
Jessamine|vestibulum@semperauctor.ca|1-554-625-0469|P.O. Box 741, 866 Accumsan Road|Aliquippa|24288|Donec porttitor tellus non magna. Nam ligula elit, pretium et, rutrum non, hendrerit id, ante. Nunc mauris|2012-06-12 17:27:01|Vega
Aquila|risus.Morbi.metus@accumsanneque.edu|1-946-662-6186|8665 Turpis Street|Houston|26254|aliquam eros turpis non enim. Mauris quis turpis|2012-04-21 22:25:11|Aguilar
Astra|tincidunt@laciniaSed.org|1-770-437-5084|4810 Lacus St.|Utica|21757|erat vel pede blandit congue. In scelerisque scelerisque dui.|2013-05-10 15:37:52|Vang
Cynthia|odio.sagittis.semper@doloregestasrhoncus.ca|1-696-629-3892|186-1071 Nec, Rd.|Downey|34092|turpis. In condimentum. Donec at arcu. Vestibulum ante ipsum primis in|2013-01-15 13:32:21|Burke
Keane|lorem.luctus@dictumeu.edu|1-167-796-0863|Ap #297-3577 Fringilla. Street|Urbana|73575|augue porttitor interdum. Sed auctor odio a purus. Duis elementum, dui quis accumsan convallis, ante lectus convallis est, vitae sodales nisi magna sed|2011-09-10 01:39:56|Nichols
Hillary|ornare.tortor.at@luctusaliquetodio.edu|1-947-644-6200|Ap #624-6926 Sed Road|Newport Beach|49615|eu tellus. Phasellus elit pede, malesuada vel, venenatis vel, faucibus id, libero. Donec consectetuer mauris id|2012-07-05 08:44:22|Colon
Wanda|est.mollis@utlacusNulla.edu|1-789-423-0541|4871 Consequat, Av.|Leominster|59421|nunc interdum feugiat. Sed nec metus facilisis lorem tristique aliquet. Phasellus fermentum convallis ligula. Donec luctus aliquet odio. Etiam ligula tortor, dictum eu, placerat eget,|2013-03-17 10:19:01|Poole
Caldwell|urna.Nullam.lobortis@nunc.ca|1-436-369-7741|6959 Et, Road|Sierra Vista|14456|nibh vulputate mauris sagittis placerat. Cras dictum ultricies ligula. Nullam enim. Sed nulla ante, iaculis|2013-05-02 07:06:16|Henry
Dalton|semper.Nam.tempor@adipiscingfringilla.org|1-439-966-8343|Ap #566-9796 Nec, Street|Marietta|19375|sem, consequat nec, mollis vitae, posuere at, velit. Cras lorem lorem, luctus ut, pellentesque eget, dictum placerat, augue. Sed molestie. Sed id risus|2011-09-07 02:37:17|Wilson
Briar|dui.Cras.pellentesque@nullamagnamalesuada.ca|1-117-184-9282|2947 Aliquet. St.|Canandaigua|22469|malesuada malesuada. Integer id magna|2012-08-19 09:17:25|Cruz
Yvonne|rhoncus.id.mollis@Nulla.edu|1-842-650-1429|P.O. Box 708, 3516 Est St.|Eau Claire|65624|lacus pede sagittis augue, eu tempor erat neque non quam. Pellentesque habitant morbi tristique senectus et netus et|2013-04-18 23:43:49|Padilla
Lucian|pede.sagittis@mifelisadipiscing.ca|1-640-391-3333|745-8002 A, Rd.|Poughkeepsie|42577|mattis. Cras eget nisi dictum augue malesuada|2011-07-26 17:38:56|Higgins
Patricia|taciti@eratEtiam.edu|1-141-332-6669|479-9086 Euismod St.|Cody|34801|sapien, cursus in, hendrerit consectetuer, cursus et, magna. Praesent interdum ligula eu enim. Etiam imperdiet dictum magna. Ut tincidunt orci quis lectus. Nullam suscipit, est|2013-05-03 10:37:32|Marsh
Noah|felis.eget.varius@lacinia.ca|1-210-543-1101|Ap #318-293 Mi St.|San Juan Capistrano|32333|gravida mauris ut mi. Duis risus odio, auctor vitae, aliquet nec, imperdiet|2012-04-10 15:23:13|Vargas
Ariel|egestas.lacinia@a.org|1-447-991-0012|1284 Tincidunt Street|Dubuque|65809|facilisis non, bibendum sed, est. Nunc laoreet lectus quis|2011-12-21 06:24:53|Watkins
Breanna|lobortis.tellus@Morbiquisurna.ca|1-514-303-4145|Ap #257-4455 Velit Street|Wynne|15615|justo sit amet nulla. Donec non justo. Proin non massa non ante bibendum ullamcorper. Duis cursus, diam at pretium aliquet, metus urna|2012-02-11 07:01:08|Kinney
Willa|mollis@nuncInat.edu|1-495-699-0135|671-1213 Quis Ave|Gastonia|29044|metus eu erat semper rutrum. Fusce dolor quam, elementum at, egestas a, scelerisque sed, sapien. Nunc pulvinar arcu et pede. Nunc sed orci lobortis|2011-10-18 23:22:57|Wheeler
Stephanie|et@quispedeSuspendisse.edu|1-186-785-7093|Ap #197-7073 Purus, Rd.|Aspen|99634|nisl. Maecenas malesuada fringilla est. Mauris eu turpis. Nulla aliquet. Proin velit. Sed malesuada augue ut|2013-02-22 13:52:46|Griffith
Hu|nunc.risus@lobortis.org|1-232-827-6279|Ap #886-217 Feugiat. Street|Redlands|96030|pellentesque massa lobortis ultrices. Vivamus rhoncus. Donec est. Nunc ullamcorper, velit in aliquet lobortis, nisi nibh lacinia|2013-03-21 22:38:49|Hughes
Zorita|Quisque@Morbi.com|1-306-134-7627|365-5250 Facilisis Rd.|Citrus Heights|48779|scelerisque, lorem ipsum sodales purus, in molestie tortor nibh sit amet orci.|2012-08-10 03:46:35|Hebert
Galvin|nisl.arcu.iaculis@Crasvehicula.ca|1-754-889-5512|Ap #320-1674 Pede. Rd.|South Pasadena|67746|Suspendisse commodo tincidunt nibh. Phasellus nulla.|2012-06-20 12:31:53|Bender
Hedda|Morbi.metus@purusaccumsaninterdum.edu|1-555-334-8960|1070 Egestas. Street|Idaho Springs|00374|In at pede. Cras vulputate velit eu sem. Pellentesque ut ipsum ac mi eleifend egestas. Sed pharetra, felis eget varius ultrices, mauris ipsum porta elit,|2012-01-06 11:21:31|Fuller
Alisa|amet@liberomauris.ca|1-554-187-5761|624-6337 Pellentesque Rd.|Santa Ana|68542|Morbi non sapien molestie orci tincidunt adipiscing. Mauris molestie pharetra nibh. Aliquam ornare, libero at|2012-02-15 10:19:33|Mckay
Katell|Suspendisse.sed@auguemalesuadamalesuada.com|1-418-505-9721|Ap #248-4241 Mauris Av.|Galveston|11854|eu tempor erat neque non quam. Pellentesque habitant morbi tristique senectus et|2012-12-05 13:39:02|Barry
Sydnee|rutrum.justo@enimCurabiturmassa.ca|1-207-603-6857|627-7876 Facilisis Road|Natchez|87842|arcu. Morbi sit amet massa. Quisque porttitor eros|2011-08-13 01:16:34|Duran
Ariana|Quisque.imperdiet@etipsumcursus.org|1-164-768-3530|579-5531 Nonummy Ave|Worcester|47289|tempor augue ac ipsum. Phasellus vitae mauris sit amet lorem semper auctor. Mauris vel turpis.|2013-04-10 02:38:58|Decker
Kevin|Nulla.eget.metus@lectusa.ca|1-502-260-4245|7063 Congue Street|Sanford|12741|Suspendisse dui. Fusce diam nunc, ullamcorper eu, euismod ac, fermentum vel, mauris. Integer sem elit, pharetra ut, pharetra sed,|2011-07-05 12:46:20|Gardner
Timon|congue.a@vulputatenisisem.org|1-735-152-0955|5383 Enim Ave|Hollywood|45810|ultrices. Duis volutpat nunc sit|2012-01-12 12:31:21|Anthony
Gay|ridiculus.mus.Proin@Incondimentum.com|1-147-742-9525|P.O. Box 983, 3778 Rhoncus Av.|Monterey Park|81502|id enim. Curabitur massa. Vestibulum accumsan neque et nunc. Quisque ornare tortor at risus. Nunc ac|2012-03-18 14:45:26|Dawson
Stephen|nunc.nulla.vulputate@inmagna.edu|1-589-232-1856|9933 Imperdiet Road|Port St. Lucie|65516|ridiculus mus. Aenean eget magna. Suspendisse tristique neque venenatis lacus. Etiam bibendum fermentum metus. Aenean sed pede nec ante blandit viverra.|2012-09-13 14:56:19|Lindsey
Aiko|posuere.cubilia@dapibusgravidaAliquam.org|1-945-958-1776|2481 Aliquet. Ave|Port Jervis|63224|risus. Nulla eget metus eu erat semper rutrum. Fusce dolor quam, elementum at, egestas a, scelerisque sed, sapien. Nunc pulvinar arcu et pede.|2013-05-09 16:28:45|Burnett
Iola|eget@Inatpede.org|1-379-865-6823|P.O. Box 499, 9355 Eu Ave|Seal Beach|61486|metus. Aliquam erat volutpat. Nulla facilisis. Suspendisse commodo tincidunt nibh. Phasellus nulla.|2012-11-29 21:46:05|Pratt
Quinn|nisl.Maecenas.malesuada@scelerisquedui.ca|1-759-615-2986|8611 Integer Rd.|Joliet|00748|odio. Etiam ligula tortor, dictum eu, placerat eget, venenatis a, magna. Lorem|2012-07-05 16:18:06|Reese
Bell|nascetur.ridiculus@ametconsectetuer.com|1-579-430-8607|P.O. Box 124, 3348 Nostra, Rd.|Nogales|36375|id magna et ipsum cursus vestibulum. Mauris magna. Duis dignissim tempor arcu. Vestibulum ut eros non enim commodo hendrerit.|2013-05-10 20:31:13|Foreman
Ria|dolor@Sed.com|1-783-214-0847|1044 Turpis Avenue|Elizabeth City|76203|dui, nec tempus mauris erat eget ipsum. Suspendisse sagittis. Nullam vitae diam. Proin dolor. Nulla semper tellus id nunc interdum feugiat.|2012-07-11 17:15:25|West
Austin|nisi.a@egestas.edu|1-550-872-2706|Ap #478-1990 Sagittis St.|Toledo|85298|lacinia orci, consectetuer euismod est arcu ac orci. Ut semper pretium neque. Morbi quis urna. Nunc quis arcu vel quam dignissim pharetra. Nam ac nulla.|2013-04-05 23:06:03|Snider
Aurelia|ante@vitae.edu|1-671-443-6233|1197 Nisl. Rd.|Parma|05335|eget, volutpat ornare, facilisis eget, ipsum. Donec sollicitudin adipiscing ligula.|2012-08-22 04:26:38|Dodson
Bianca|parturient.montes@ultricies.org|1-213-358-6100|Ap #531-8253 Quisque Ave|Denver|98623|sed libero. Proin sed turpis nec mauris blandit mattis. Cras eget nisi dictum augue malesuada malesuada. Integer id magna et ipsum cursus vestibulum. Mauris|2012-03-21 18:25:44|Mccarty
Althea|Nunc.ut.erat@sagittis.ca|1-361-529-1492|4133 Mi, Ave|Longview|74846|Aliquam rutrum lorem ac risus. Morbi metus. Vivamus|2013-03-20 03:42:32|Dawson
Otto|dictum.cursus@convallisestvitae.org|1-663-725-6396|459-2553 Aliquet, Av.|Sitka|92249|vulputate dui, nec tempus mauris erat eget ipsum. Suspendisse sagittis. Nullam vitae diam.|2012-11-13 10:47:58|Chen
Brenden|Pellentesque@Proinnonmassa.edu|1-523-358-9875|9043 Et, Rd.|Sierra Vista|38052|Curabitur massa. Vestibulum accumsan neque et nunc. Quisque ornare tortor at risus. Nunc ac sem ut dolor dapibus gravida. Aliquam tincidunt, nunc ac mattis ornare,|2012-02-27 02:10:40|Witt
Cally|Vivamus@ametconsectetuer.org|1-550-885-6744|P.O. Box 380, 8385 Placerat Avenue|Slidell|16168|massa non ante bibendum ullamcorper. Duis cursus,|2012-09-12 01:28:52|Stanley
Declan|enim.nisl@sedpedenec.org|1-327-103-7872|P.O. Box 581, 5193 Fermentum Ave|Baltimore|67735|euismod ac, fermentum vel, mauris. Integer sem elit, pharetra ut, pharetra sed, hendrerit a, arcu. Sed et libero. Proin mi. Aliquam gravida|2012-09-04 23:59:35|Irwin
Beck|convallis.ante@tinciduntadipiscingMauris.edu|1-259-352-0302|237-2286 Metus Ave|Laredo|81527|in, tempus eu, ligula. Aenean euismod mauris eu elit. Nulla facilisi. Sed|2011-07-04 20:49:56|Eaton
Isaac|at.arcu.Vestibulum@Nam.ca|1-468-611-6528|412-1408 Mauris Avenue|Salisbury|09627|elementum, dui quis accumsan convallis, ante lectus convallis est, vitae sodales nisi magna sed dui. Fusce aliquam, enim nec tempus scelerisque, lorem ipsum sodales purus,|2012-07-18 08:23:22|Barker
Honorato|semper@dolorelitpellentesque.org|1-105-727-3892|Ap #409-9985 Purus, Av.|Green Bay|03021|pede blandit congue. In scelerisque scelerisque|2012-06-21 11:27:52|Cannon
Jana|sit@dui.org|1-351-179-4586|884-7307 Etiam Ave|Natchitoches|79400|nulla vulputate dui, nec tempus mauris erat eget ipsum. Suspendisse sagittis. Nullam vitae diam.|2012-07-16 22:28:45|Clements
Uta|Integer.mollis.Integer@Sed.org|1-478-447-7054|Ap #478-583 Sed Street|Great Falls|72183|magna et ipsum cursus vestibulum. Mauris magna. Duis dignissim tempor arcu. Vestibulum ut eros non enim commodo hendrerit.|2012-02-04 16:12:10|Kirby
Kylan|ante.Nunc@pretiumaliquet.edu|1-130-487-1836|871-7556 Diam Ave|Rome|50733|tortor at risus. Nunc ac sem ut dolor dapibus gravida. Aliquam tincidunt, nunc|2012-05-27 00:02:37|Stone
Xaviera|dui@ametluctus.org|1-627-115-2098|395-4069 Scelerisque, Rd.|Batavia|91734|Vestibulum ante ipsum primis in faucibus orci|2012-07-09 02:39:06|Griffin
Beau|Sed.pharetra@SuspendisseeleifendCras.org|1-462-488-5874|Ap #704-8496 Et, Rd.|Sandy Springs|79303|ligula. Aenean gravida nunc sed pede. Cum sociis natoque penatibus et magnis dis parturient|2012-04-07 01:20:27|Reynolds
Kevyn|in.hendrerit.consectetuer@mollis.edu|1-694-972-5609|Ap #695-3659 Elit. Rd.|Lower Burrell|14528|non magna. Nam ligula elit, pretium|2011-10-19 21:31:08|Mcconnell
Levi|Maecenas.libero@magnaSuspendissetristique.com|1-556-439-9009|Ap #695-8925 Dui Rd.|Casper|05523|et, eros. Proin ultrices. Duis volutpat nunc sit amet metus. Aliquam erat volutpat. Nulla facilisis. Suspendisse commodo|2013-04-16 14:33:09|William
Chaim|a@posuere.com|1-551-980-8807|603-5240 Ipsum. Rd.|Lower Burrell|50084|posuere cubilia Curae; Donec tincidunt. Donec vitae erat vel pede blandit congue. In scelerisque scelerisque dui. Suspendisse|2012-05-26 18:13:37|House
Ray|enim@fermentumvelmauris.edu|1-341-232-0237|P.O. Box 755, 4599 Maecenas Avenue|Opelousas|07282|ullamcorper. Duis cursus, diam at pretium aliquet, metus urna convallis erat, eget tincidunt dui augue eu tellus. Phasellus elit pede, malesuada vel,|2012-11-10 18:26:41|Newman
Mark|Sed.molestie@magnatellus.com|1-704-946-9797|6297 Curabitur Av.|Gadsden|83302|ipsum. Suspendisse non leo. Vivamus nibh dolor, nonummy ac, feugiat non, lobortis quis, pede. Suspendisse dui.|2011-12-19 03:00:25|Silva
Cheyenne|sagittis.felis@liberomauris.edu|1-781-276-7736|Ap #470-8897 Ultrices Street|Statesboro|72284|fermentum convallis ligula. Donec luctus aliquet odio. Etiam ligula tortor, dictum eu, placerat eget, venenatis a, magna. Lorem ipsum dolor sit amet,|2012-07-18 00:07:30|England
Ainsley|sagittis.Nullam@Maurisvestibulum.ca|1-220-306-0707|707-1838 Torquent Street|Chester|93977|Cum sociis natoque penatibus et magnis dis parturient montes, nascetur ridiculus mus. Proin vel nisl. Quisque fringilla euismod enim. Etiam gravida|2011-06-08 02:59:37|Beach
Reese|risus.at.fringilla@natoque.org|1-556-753-8335|2807 Est Rd.|Shelton|97484|Suspendisse tristique neque venenatis lacus. Etiam bibendum fermentum|2012-10-07 11:39:36|Aguilar
Dane|nisi.sem@orci.edu|1-717-493-7770|2329 Semper Street|Moore|25363|lacus pede sagittis augue, eu tempor erat neque non quam. Pellentesque habitant morbi tristique senectus et netus et malesuada fames ac|2011-05-27 22:05:35|Bass
Rooney|urna@semperNamtempor.edu|1-983-722-1908|P.O. Box 827, 6068 Accumsan Road|Provo|82756|Maecenas ornare egestas ligula. Nullam feugiat placerat velit. Quisque varius. Nam porttitor scelerisque neque. Nullam nisl.|2012-06-04 22:18:21|Obrien
Gannon|vulputate.eu@tellus.com|1-147-760-8607|4886 Lectus. Road|Appleton|88854|Sed eu eros. Nam consequat dolor vitae dolor. Donec fringilla. Donec feugiat metus sit|2013-02-10 11:56:20|Sandoval
Briar|Morbi.non@dapibus.ca|1-753-429-4164|7081 Egestas. Street|Rosemead|26812|rutrum, justo. Praesent luctus. Curabitur egestas nunc sed libero. Proin|2012-10-02 17:22:44|Good
Aretha|elit.elit.fermentum@odioauctor.com|1-368-501-5421|865-8109 Euismod St.|Corinth|08510|ultrices posuere cubilia Curae; Donec tincidunt. Donec vitae erat vel pede blandit congue. In scelerisque scelerisque dui. Suspendisse ac metus vitae velit|2012-09-06 23:11:26|Hines
Thane|ultrices.posuere@Nam.org|1-503-104-5577|P.O. Box 449, 6656 Nullam Av.|Greensburg|71792|montes, nascetur ridiculus mus. Donec dignissim magna a tortor. Nunc commodo auctor velit. Aliquam nisl. Nulla eu|2011-05-25 18:28:53|Oneill
Juliet|ut@ornaresagittisfelis.com|1-358-363-8215|Ap #218-6297 Metus Avenue|Biddeford|32035|sapien, gravida non, sollicitudin a, malesuada id, erat. Etiam vestibulum massa rutrum magna. Cras convallis convallis dolor. Quisque|2011-09-15 11:14:40|Dejesus
Callum|elementum@justositamet.org|1-214-478-2998|Ap #849-5509 Nibh Avenue|Northampton|99124|ut quam vel sapien imperdiet ornare. In faucibus. Morbi vehicula. Pellentesque tincidunt tempus risus. Donec egestas. Duis ac arcu. Nunc mauris. Morbi|2011-09-01 18:10:23|Palmer
Yael|fames.ac@nislelementumpurus.com|1-119-488-6875|P.O. Box 438, 2370 Non, Ave|Plymouth|16641|et magnis dis parturient montes, nascetur ridiculus mus. Donec dignissim magna a tortor. Nunc commodo|2011-09-01 12:29:00|Rush
Jeremy|venenatis@Fuscealiquet.edu|1-410-808-4969|P.O. Box 857, 5736 Nisi Road|Rehoboth Beach|73014|pede. Cras vulputate velit eu sem. Pellentesque ut ipsum ac mi eleifend egestas. Sed pharetra, felis|2013-05-04 20:40:30|Fernandez
Abel|vulputate.posuere.vulputate@miAliquam.edu|1-711-520-9179|4828 Dolor, St.|New Haven|83184|eleifend vitae, erat. Vivamus nisi. Mauris nulla. Integer urna. Vivamus molestie dapibus ligula. Aliquam erat volutpat. Nulla|2012-01-09 14:49:33|Foster
Stella|auctor.Mauris@posuerecubiliaCurae;.edu|1-843-195-0977|8981 Curabitur Road|Steubenville|66775|Cum sociis natoque penatibus et magnis dis parturient montes, nascetur|2011-06-18 01:51:16|Travis
Lance|ac@Integeraliquamadipiscing.edu|1-984-394-8946|6155 Venenatis Street|Cranston|08585|eu eros. Nam consequat dolor vitae|2011-05-23 15:42:03|Thompson
Yuli|Vivamus.sit.amet@dui.edu|1-339-769-1585|1270 Amet Ave|Fall River|93951|dictum magna. Ut tincidunt orci quis lectus. Nullam suscipit, est ac facilisis facilisis, magna tellus|2011-12-26 08:49:45|Freeman
Howard|dolor.sit@nonquam.com|1-618-685-5003|P.O. Box 590, 3005 Magnis St.|Guthrie|27578|Nam porttitor scelerisque neque. Nullam nisl. Maecenas|2011-08-07 07:36:26|Cross
Kasimir|Nulla.facilisi.Sed@nunc.org|1-695-370-7811|P.O. Box 141, 5845 Sed Street|Moraga|82261|convallis dolor. Quisque tincidunt pede ac urna. Ut tincidunt vehicula risus. Nulla eget|2012-08-10 01:36:13|Hays
Tucker|cursus.diam.at@elitelitfermentum.com|1-678-858-5307|9411 At, Street|Stockton|67893|Aenean gravida nunc sed pede.|2012-06-16 11:32:44|Haney
Imani|erat@Nunc.edu|1-479-264-0180|899-6999 Ante Ave|Cudahy|39222|hendrerit id, ante. Nunc mauris sapien, cursus in, hendrerit consectetuer, cursus|2012-10-13 23:11:17|Nicholson
Odysseus|Nunc.pulvinar.arcu@ipsumdolorsit.edu|1-171-336-3543|Ap #439-9414 Donec Street|Victoria|28051|eros. Nam consequat dolor vitae dolor. Donec fringilla. Donec feugiat metus sit|2012-07-08 15:36:59|Ryan
Berk|malesuada.fames.ac@interdumNuncsollicitudin.edu|1-972-308-5639|Ap #561-5450 Aenean Rd.|Montgomery|84435|sodales nisi magna sed dui. Fusce aliquam, enim nec tempus scelerisque, lorem ipsum sodales purus, in molestie tortor nibh sit amet|2012-01-18 14:53:29|Haney
Summer|Phasellus.ornare@lacusAliquamrutrum.com|1-705-914-5774|P.O. Box 494, 9241 Lectus Road|Pawtucket|71107|blandit mattis. Cras eget nisi dictum augue malesuada malesuada. Integer id magna et ipsum cursus vestibulum. Mauris magna. Duis dignissim tempor arcu. Vestibulum ut|2011-05-14 15:18:03|Bonner
Ryan|volutpat.ornare.facilisis@gravidanunc.org|1-331-356-7342|714-7134 Posuere Av.|Agawam|41658|enim. Nunc ut erat. Sed nunc est, mollis non, cursus non, egestas a, dui. Cras pellentesque.|2011-12-29 20:48:41|Underwood
Halla|faucibus@aliquetProinvelit.ca|1-370-536-2604|5606 Volutpat. Av.|Montebello|00865|Praesent eu nulla at sem molestie sodales. Mauris blandit enim consequat purus. Maecenas libero est, congue a, aliquet vel,|2012-08-14 05:40:37|Nieves
Magee|metus.vitae@lobortismaurisSuspendisse.edu|1-779-712-4485|626-2942 Donec Ave|Wilmington|20285|Phasellus dapibus quam quis diam. Pellentesque habitant morbi tristique senectus et netus et malesuada fames ac turpis egestas. Fusce aliquet magna a neque. Nullam|2012-03-16 14:42:43|Dixon
Lacota|feugiat.Lorem@mollisInteger.edu|1-270-992-3318|807-1590 Turpis. Av.|El Paso|42338|est. Mauris eu turpis. Nulla aliquet. Proin velit. Sed malesuada augue|2013-04-24 11:23:35|Boone
Sierra|ac.turpis.egestas@Fusce.edu|1-482-385-6165|1838 Maecenas Rd.|Ontario|30364|Nunc sollicitudin commodo ipsum. Suspendisse non leo. Vivamus nibh dolor,|2011-05-22 11:45:31|Sears
Flavia|ut.ipsum.ac@Integertincidunt.ca|1-647-885-3579|Ap #952-3377 Odio. St.|Chicago Heights|62426|luctus et ultrices posuere cubilia Curae; Phasellus ornare. Fusce mollis. Duis sit amet diam eu dolor egestas rhoncus. Proin|2013-05-02 21:30:06|Lawson
Allen|lacinia@egetodio.edu|1-169-845-1931|Ap #973-8188 Massa Rd.|Sioux City|40577|arcu. Sed et libero. Proin mi. Aliquam gravida mauris|2012-11-09 20:56:14|Fulton
Dieter|fringilla@magnaSedeu.ca|1-778-514-7079|Ap #182-996 Dolor. Street|Jeffersontown|55623|nec, mollis vitae, posuere at, velit. Cras lorem lorem, luctus ut, pellentesque eget, dictum placerat, augue. Sed molestie. Sed id risus quis diam|2012-10-10 05:38:33|Moreno
Cameron|tellus@tristiqueaceleifend.edu|1-601-225-8337|610-7118 Molestie Rd.|San Clemente|23356|Phasellus fermentum convallis ligula. Donec luctus aliquet odio. Etiam ligula|2012-05-11 20:23:54|Everett
Hillary|ante@est.ca|1-848-974-7075|1474 Donec Road|Burbank|83028|Cras eu tellus eu augue porttitor interdum. Sed auctor odio a purus. Duis elementum, dui quis accumsan convallis,|2011-11-15 06:30:36|Noel
Unity|rhoncus.Donec.est@Aliquamvulputate.edu|1-395-283-6644|1224 Adipiscing Avenue|Camden|89381|nisi magna sed dui. Fusce aliquam, enim nec tempus|2012-05-29 05:25:35|Montgomery

